Red Fighter,Blue Fighter,Predicted Result,Probability,Actual Result
Donald Cerrone,Alex Morono,loss,0.5323833568618569,loss
Christos Giagos,Sean Soriano,win,0.6732983023921525,win
Lando Vannata,Mike Grundy,win,0.5637809504278222,win
Jacare Souza,Andre Muniz,win,0.715476147618308,loss
Shane Burgos,Edson Barboza,win,0.8008592445365419,loss
Matt Schnell,Rogerio Bontorin,win,0.8933635315401106,draw
Tony Ferguson,Beneil Dariush,loss,0.628837347271213,loss
Court McGee,Claudio Silva,win,0.5087626003678789,win
Jack Hermansson,Edmen Shahbazyan,win,0.7294154580012069,win
Ricardo Ramos,Bill Algeo,loss,0.6138684421025005,win
Rob Font,Cody Garbrandt,win,0.687352499248459,win
Sean Woodson,Youssef Zalal,loss,0.582458313680232,win
Francisco Trinaldo,Muslim Salikhov,loss,0.5525158933560389,loss
Tanner Boser,Ilir Latifi,win,0.8040483914930496,loss
Santiago Ponzinibbio,Miguel Baeza,loss,0.5883833371279561,win
Roman Dolidze,Laureano Staropoli,win,0.7385635731573913,win
Walt Harris,Marcin Tybura,loss,0.6756416783494827,loss
Jairzinho Rozenstruik,Augusto Sakai,win,0.5326907995217794,win
Carlos Felipe,Jake Collier,win,0.511823864160072,win
Fares Ziam,Luigi Vendramini,win,0.6533620908534468,win
Chase Hooper,Steven Peterson,win,0.5463339061781083,loss
Movsar Evloev,Hakeem Dawodu,win,0.6532668082970637,win
Eryk Anders,Darren Stewart,loss,0.5279000462144472,win
Drew Dober,Brad Riddell,loss,0.6363893895496838,loss
Paul Craig,Jamahal Hill,win,0.5712503961293346,win
Demian Maia,Belal Muhammad,win,0.5098973351858538,loss
Leon Edwards,Nate Diaz,win,0.8688373455182218,win
Deiveson Figueiredo,Brandon Moreno,win,0.5731181888518366,loss
Israel Adesanya,Marvin Vettori,loss,0.6514456013060151,win
Joaquim Silva,Ricky Glenn,loss,0.5622138015446044,loss
Khaos Williams,Matthew Semelsberger,loss,0.6128533434770225,win
Matt Brown,Dhiego Lima,win,0.6986090908743151,win
Wellington Turman,Bruno Silva,win,0.5230358440908892,loss
Julian Erosa,SeungWoo Choi,loss,0.5279029798778109,loss
Marlon Vera,Davey Grant,win,0.7851045000711105,win
Aleksei Oleinik,Serghei Spivac,loss,0.7274183103519533,loss
Chan Sung Jung,Dan Ige,win,0.5082927810326674,win
Yancy Medeiros,Damir Hadzovic,win,0.5037729004962103,loss
Charles Rosa,Justin Jaynes,win,0.5955561247202599,win
Marcin Prachnio,Ike Villanueva,win,0.5813992865056714,win
Kennedy Nzechukwu,Danilo Marques,loss,0.6440371422018663,win
Tim Means,Nicolas Dalby,win,0.767606043981293,win
Andre Fili,Daniel Pineda,win,0.5917495630438944,draw
Raoni Barcelos,Timur Valiev,win,0.521632365965617,loss
Tanner Boser,Ovince Saint Preux,win,0.8102173456046653,win
Ciryl Gane,Alexander Volkov,win,0.6422858866913156,win
Zhalgas Zhumagulov,Jerome Rivera,win,0.6659943111661214,win
Omari Akhmedov,Brad Tavares,win,0.6010173508541848,loss
Ryan Hall,Ilia Topuria,loss,0.5535330862614791,loss
Niko Price,Michel Pereira,loss,0.5264703389500233,loss
Carlos Condit,Max Griffin,loss,0.6258819992071679,loss
Tai Tuivasa,Greg Hardy,loss,0.5788340125606695,win
Gilbert Burns,Stephen Thompson,win,0.844509910165221,win
Dustin Poirier,Conor McGregor,win,0.810241820889823,win
Gabriel Benitez,Billy Quarantillo,loss,0.5027148579946675,loss
Jeremy Stephens,Mateusz Gamrot,loss,0.7160987114525429,loss
Islam Makhachev,Thiago Moises,win,0.7871466228411707,win
Julio Arce,Andre Ewell,win,0.5266875629823584,win
Nassourdine Imavov,Ian Heinisch,loss,0.5610501198673074,win
Punahele Soriano,Brendan Allen,loss,0.5301965855602537,loss
Adrian Yanez,Randy Costa,win,0.8117509325751356,win
Darren Elkins,Darrick Minner,win,0.5623916005931695,win
Kyler Phillips,Raulian Paiva,win,0.545573263855516,loss
Cory Sandhagen,TJ Dillashaw,loss,0.5592787010033267,loss
Ryan Benoit,Zarrukh Adashev,win,0.6455201876004864,loss
Danny Chavez,Kai Kamaka,loss,0.636721380334898,draw
Bryan Barberena,Jason Witt,loss,0.5666798854468801,loss
Uriah Hall,Sean Strickland,loss,0.7432249377132496,loss
Miles Johns,Anderson Dos Santos,win,0.7605320989032871,win
Manel Kape,Ode Osbourne,win,0.552948902389807,win
Alonzo Menifield,Ed Herman,win,0.7220317418948464,win
Bobby Green,Rafael Fiziev,loss,0.5102566811006083,loss
Song Yadong,Casey Kenney,loss,0.6953941412263939,win
Michael Chiesa,Vicente Luque,loss,0.5988748844213817,loss
Jose Aldo,Pedro Munhoz,loss,0.6500929449144696,win
Derrick Lewis,Ciryl Gane,loss,0.6131908709407211,loss
Brian Kelleher,Domingo Pilarte,win,0.6033300708145528,win
Alexandre Pantoja,Brandon Royval,win,0.6442440295469256,win
Vinc Pichel,Austin Hubbard,loss,0.5356332711355386,win
Parker Porter,Chase Sherman,win,0.7707502223192683,win
Clay Guida,Mark Madsen,loss,0.5934904316312335,loss
Jared Cannonier,Kelvin Gastelum,win,0.6316267395242323,win
Dustin Jacoby,Darren Stewart,win,0.643291191215463,win
Sam Alvey,Wellington Turman,win,0.5583494848427575,loss
Alessio Di Chirico,Abdul Razak Alhassan,win,0.6008508877727492,loss
Makhmud Muradov,Gerald Meerschaert,win,0.7349410075348708,loss
Kevin Lee,Daniel Rodriguez,win,0.5310956300699482,loss
Edson Barboza,Giga Chikadze,loss,0.5962903242709622,loss
Dalcha Lungiambula,Marc-Andre Barriault,loss,0.7072394151369664,loss
Julian Erosa,Charles Jourdain,loss,0.727574116082256,win
Modestas Bukauskas,Khalil Rountree Jr.,win,0.7668644433384574,loss
Alex Morono,David Zawada,win,0.6994942389541717,win
Tom Aspinall,Serghei Spivac,loss,0.5151157837981856,win
Derek Brunson,Darren Till,win,0.8286093803825583,win
Gustavo Lopez,Alatengheili,loss,0.5034471662771772,draw
Mike Rodriguez,Tafon Nchukwi,loss,0.5713049942406929,loss
Joaquin Buckley,Antonio Arroyo,loss,0.5639375581618896,win
Nate Maness,Tony Gravely,loss,0.5291634844757797,win
Arman Tsarukyan,Christos Giagos,win,0.6561217524886231,win
Ion Cutelaba,Devin Clark,win,0.6273509985876086,win
Anthony Smith,Ryan Spann,win,0.6102892731413349,win
Jonathan Pearce,Omar Morales,loss,0.5186618330866627,win
Shamil Abdurakhimov,Chris Daukaus,loss,0.6979038325917039,loss
Dan Hooker,Nasrat Haqparast,loss,0.5183643493936998,win
Marlon Moraes,Merab Dvalishvili,loss,0.789725610911801,loss
Curtis Blaydes,Jairzinho Rozenstruik,win,0.7684078482694784,win
Nick Diaz,Robbie Lawler,win,0.7529794251703209,loss
Alexander Volkanovski,Brian Ortega,win,0.8441467237674389,win
Alejandro Perez,Johnny Eduardo,win,0.9075892027239785,win
Devonte Smith,Jamie Mullarkey,win,0.8684284504684164,loss
Joe Solecki,Jared Gordon,win,0.8094630979038873,loss
Misha Cirkunov,Krzysztof Jotko,loss,0.530521476271414,loss
Alex Oliveira,Niko Price,win,0.5617586094907608,loss
Kevin Holland,Kyle Daukaus,win,0.7514791846810276,draw
Thiago Santos,Johnny Walker,win,0.5883149251563551,win
Charles Rosa,Damon Jackson,loss,0.6523929973633759,loss
Alexandr Romanov,Jared Vanderaa,win,0.8559089665758776,win
Chris Gutierrez,Felipe Colares,win,0.7652416818848273,win
Tim Elliott,Matheus Nicolau,loss,0.5729246037469425,loss
Randy Brown,Jared Gooden,win,0.5468251909612388,win
Batgerel Danaa,Brandon Davis,win,0.7491581648627136,win
Danny Roberts,Ramazan Emeev,loss,0.5983188705277441,win
Andrew Sanchez,Bruno Silva,loss,0.5599730070241055,loss
Nate Landwehr,Ludovit Klein,loss,0.7356732686342189,win
Andrei Arlovski,Carlos Felipe,win,0.6487033418151148,win
Khama Worthy,Jai Herbert,win,0.6801506390785673,loss
Jamie Pickett,Laureano Staropoli,win,0.6740101425651113,win
Nicolae Negumereanu,Ike Villanueva,win,0.6796935943078509,win
Francisco Trinaldo,Dwight Grant,win,0.6327313518437243,win
Alex Caceres,SeungWoo Choi,win,0.7080664004888748,win
Grant Dawson,Ricky Glenn,win,0.691972515984324,draw
Paulo Costa,Marvin Vettori,loss,0.5478115046322648,loss
Makwan Amirkhani,Lerone Murphy,loss,0.6644116138685872,loss
Ricardo Ramos,Zubaira Tukhugov,loss,0.6511710608154847,loss
Magomed Ankalaev,Volkan Oezdemir,win,0.8458780185919634,win
Li Jingliang,Khamzat Chimaev,loss,0.6471027604811994,loss
Alexander Volkov,Marcin Tybura,win,0.7699580984515064,win
Islam Makhachev,Dan Hooker,win,0.8744009088404132,win
Petr Yan,Cory Sandhagen,win,0.6619088420956492,win
Jan Blachowicz,Glover Teixeira,win,0.7904875371795054,loss
Dustin Jacoby,John Allan,win,0.6192236066818588,win
Edmen Shahbazyan,Nassourdine Imavov,loss,0.5300068811462096,loss
Al Iaquinta,Bobby Green,loss,0.6414798642138326,loss
Justin Gaethje,Michael Chandler,win,0.782684814064445,win
Shane Burgos,Billy Quarantillo,win,0.5986781209712206,win
Frankie Edgar,Marlon Vera,win,0.5138117987692556,loss
Kamaru Usman,Colby Covington,win,0.7958532470009683,win
Kennedy Nzechukwu,Da Woon Jung,loss,0.5306791538442,loss
Thiago Moises,Joel Alvarez,win,0.639759609744153,loss
Song Yadong,Julio Arce,loss,0.5253143658939606,win
Miguel Baeza,Khaos Williams,win,0.7790412872205503,loss
Ben Rothwell,Marcos Rogerio de Lima,win,0.5189550781465616,loss
Max Holloway,Yair Rodriguez,win,0.6698211380387216,win
Davey Grant,Adrian Yanez,loss,0.5575248695420905,loss
Rani Yahya,Kyung Ho Kang,loss,0.7795938777986531,win
Michael Chiesa,Sean Brady,loss,0.7236787922641722,loss
Louis Smolka,Vince Morales,win,0.6824383997401727,loss
Claudio Puelles,Chris Gruetzemacher,win,0.8875502227676549,win
Alonzo Menifield,William Knight,win,0.7962793129404231,loss
Manel Kape,Zhalgas Zhumagulov,win,0.6018491188380461,win
Maki Pitolo,Dusko Todorovic,win,0.5589534060480661,loss
Alex Morono,Mickey Gall,win,0.6631937353211333,win
Clay Guida,Leonardo Santos,loss,0.7739907370105857,win
Jimmy Crute,Jamahal Hill,win,0.7506378486987396,loss
Brad Riddell,Rafael Fiziev,win,0.5555153615021121,loss
Rob Font,Jose Aldo,win,0.8875809670968324,loss
Randy Costa,Tony Kelley,win,0.6663427513710067,loss
Ryan Hall,Darrick Minner,win,0.636749582274204,win
Andre Muniz,Eryk Anders,loss,0.5040659971610281,win
Jordan Wright,Bruno Silva,loss,0.7792423238008209,loss
Augusto Sakai,Tai Tuivasa,loss,0.818913672909266,loss
Pedro Munhoz,Dominick Cruz,win,0.5147584792605938,loss
Josh Emmett,Dan Ige,win,0.5039574574090061,win
Raulian Paiva,Sean O'Malley,loss,0.7251211181143921,loss
Kai Kara-France,Cody Garbrandt,win,0.644219129088844,win
Geoff Neal,Santiago Ponzinibbio,loss,0.5221132047677807,win
Charles Oliveira,Dustin Poirier,win,0.6816854543539896,win
Jordan Leavitt,Matt Sayles,win,0.5059027694260873,win
Don'Tale Mayes,Josh Parisian,win,0.5883780127548569,win
Charles Jourdain,Andre Ewell,win,0.7526678149143732,win
Dustin Stoltzfus,Gerald Meerschaert,win,0.590457409039934,loss
Cub Swanson,Darren Elkins,win,0.7940397408454523,win
Diego Ferreira,Mateusz Gamrot,win,0.6777319262489776,loss
Raphael Assuncao,Ricky Simon,loss,0.7888725869112385,loss
Stephen Thompson,Belal Muhammad,loss,0.6432296174349713,loss
Derrick Lewis,Chris Daukaus,loss,0.6462789773239799,win
TJ Brown,Charles Rosa,win,0.6428312372450109,win
Brian Kelleher,Kevin Croom,win,0.8545182463712528,win
Court McGee,Ramiz Brahimaj,win,0.8402740911834855,win
Brandon Royval,Rogerio Bontorin,win,0.5646336578483184,win
Jake Collier,Chase Sherman,win,0.7581456252820876,win
Calvin Kattar,Giga Chikadze,loss,0.6122460375273006,win
Cody Stamann,Said Nurmagomedov,win,0.5180482605053031,loss
Brandon Moreno,Deiveson Figueiredo,win,0.5879481504588137,loss
Francis Ngannou,Ciryl Gane,loss,0.7687437209127139,win
Jason Witt,Phil Rowe,win,0.7649798908128517,loss
Hakeem Dawodu,Michael Trizano,loss,0.6984916001760985,win
Miles Johns,John Castaneda,win,0.7644551304968337,loss
Julian Erosa,Steven Peterson,win,0.513305487409578,win
Sam Alvey,Brendan Allen,loss,0.7368762076307692,loss
Shavkat Rakhmonov,Carlston Harris,win,0.5545780003199337,win
Jack Hermansson,Sean Strickland,loss,0.5185985254831121,loss
William Knight,Maxim Grishin,win,0.6199116127343982,loss
Douglas Silva de Andrade,Sergey Morozov,loss,0.6038657413153442,win
Andrei Arlovski,Jared Vanderaa,win,0.7140325154417193,win
Bobby Green,Nasrat Haqparast,win,0.7637955454616399,win
Alexander Hernandez,Renato Moicano,win,0.6358693303807041,loss
Jared Cannonier,Derek Brunson,loss,0.5779713317800236,win
Derrick Lewis,Tai Tuivasa,loss,0.5330825443930464,loss
Israel Adesanya,Robert Whittaker,win,0.6350125300023287,win
Joaquin Buckley,Abdul Razak Alhassan,win,0.8844187818551914,win
Parker Porter,Alan Baudot,win,0.8274102966341694,win
Kyle Daukaus,Jamie Pickett,win,0.7198332747907377,win
Johnny Walker,Jamahal Hill,win,0.6432144256681294,loss
Alejandro Perez,Jonathan Martinez,loss,0.5623505415943953,loss
Rongzhu,Ignacio Bahamondes,loss,0.5679007821509544,loss
Arman Tsarukyan,Joel Alvarez,win,0.6180218875033079,win
Misha Cirkunov,Wellington Turman,win,0.7446974061133215,loss
Islam Makhachev,Bobby Green,win,0.914436282948236,win
Dustin Jacoby,Michal Oleksiejczuk,win,0.6148010974352659,win
Devonte Smith,Ludovit Klein,win,0.6424671454297501,loss
Tim Elliott,Tagir Ulanbekov,win,0.6278565843045951,win
Nicolae Negumereanu,Kennedy Nzechukwu,loss,0.6477947862577722,win
Jalin Turner,Jamie Mullarkey,win,0.7697928890747889,win
Serghei Spivac,Greg Hardy,win,0.6019388955205592,win
Kevin Holland,Alex Oliveira,win,0.735028090642103,win
Edson Barboza,Bryce Mitchell,loss,0.8381982976489626,loss
Rafael Dos Anjos,Renato Moicano,loss,0.5917502275798343,win
Colby Covington,Jorge Masvidal,win,0.9192250714611905,win
Drew Dober,Terrance McKinney,loss,0.6516454199095177,win
Khalil Rountree Jr.,Karl Roberson,loss,0.505628651159709,win
Sodiq Yusuff,Alex Caceres,win,0.687920502985934,win
Marlon Moraes,Song Yadong,win,0.7230104619882167,loss
Thiago Santos,Magomed Ankalaev,loss,0.6309042519337702,loss
Jack Shore,Timur Valiev,win,0.7905832428034747,win
Nikita Krylov,Paul Craig,win,0.6909128746565552,loss
Shamil Abdurakhimov,Sergei Pavlovich,loss,0.6716604739833801,loss
Mike Grundy,Makwan Amirkhani,win,0.6853676264512346,loss
Jai Herbert,Ilia Topuria,loss,0.6877110804794493,loss
Gunnar Nelson,Takashi Sato,win,0.8242359800820064,win
Arnold Allen,Dan Hooker,win,0.7117756936269927,win
Alexander Volkov,Tom Aspinall,loss,0.6795139065556826,loss
Matheus Nicolau,David Dvorak,win,0.6544300622041027,win
Chris Gutierrez,Batgerel Danaa,win,0.7455960766962589,win
Neil Magny,Max Griffin,win,0.6418459814721478,win
Askar Askarov,Kai Kara-France,win,0.7015372866851615,loss
Matt Brown,Bryan Barberena,loss,0.671439756979566,loss
Curtis Blaydes,Chris Daukaus,win,0.6664056140044726,win
Aleksei Oleinik,Jared Vanderaa,win,0.5527977075621522,win
Vinc Pichel,Mark Madsen,loss,0.6279613722957573,loss
Gilbert Burns,Khamzat Chimaev,loss,0.730316058389804,loss
Aljamain Sterling,Petr Yan,win,0.5267442035760063,win
Alexander Volkanovski,Chan Sung Jung,win,0.8419039377273414,win
Alatengheili,Kevin Croom,win,0.523286623754854,win
Rafa Garcia,Jesse Ronson,win,0.6676944950732016,win
Devin Clark,William Knight,win,0.7847672020753897,win
Vicente Luque,Belal Muhammad,win,0.6484132456830877,loss
Marcin Prachnio,Philipe Lins,win,0.7343339788429242,loss
Tyson Pedro,Ike Villanueva,win,0.5180455522117662,win
Dwight Grant,Sergey Khandozhko,loss,0.5231039925342192,loss
Jordan Wright,Marc-Andre Barriault,loss,0.583309561202249,loss
Lando Vannata,Charles Jourdain,loss,0.7000551766125226,loss
Clay Guida,Claudio Puelles,loss,0.8232554346485706,loss
Alexandr Romanov,Chase Sherman,win,0.9034095413737402,win
Krzysztof Jotko,Gerald Meerschaert,win,0.5488991407489714,win
Darren Elkins,Tristan Connelly,win,0.5145260792901496,win
Jared Gordon,Grant Dawson,win,0.6549951055059511,loss
Andrei Arlovski,Jake Collier,loss,0.6462944001979339,win
Rob Font,Marlon Vera,win,0.7003307217520182,loss
Blagoy Ivanov,Marcos Rogerio de Lima,loss,0.5864645473556217,win
Brandon Royval,Matt Schnell,win,0.6849988689407385,win
Francisco Trinaldo,Danny Roberts,win,0.5949160914115034,win
Randy Brown,Khaos Williams,win,0.7441092182990067,win
Mauricio Rua,Ovince Saint Preux,win,0.7259800928616303,loss
Michael Chandler,Tony Ferguson,win,0.576066144264313,win
Charles Oliveira,Justin Gaethje,win,0.6975634706303825,win
Nick Maximov,Andre Petroski,loss,0.7076948987194327,loss
Michael Johnson,Alan Patrick,loss,0.5610847417224767,win
Davey Grant,Louis Smolka,loss,0.7142002226596741,win
Ryan Spann,Ion Cutelaba,win,0.6262627315871914,win
Jan Blachowicz,Aleksandar Rakic,loss,0.7590633325002123,win
Chase Hooper,Felipe Colares,loss,0.7013537830364945,win
Jonathan Martinez,Vince Morales,win,0.7379450113410032,win
Omar Morales,Uros Medic,win,0.5164530519035438,loss
Eryk Anders,JunYong Park,loss,0.5590958115210218,loss
Santiago Ponzinibbio,Michel Pereira,loss,0.6587276230151226,loss
Jeff Molina,Zhalgas Zhumagulov,win,0.6319492930951769,win
Johnny Munoz,Tony Gravely,win,0.6961599091566834,loss
Joe Solecki,Alex Da Silva,win,0.6227466147983091,win
Ode Osbourne,Zarrukh Adashev,loss,0.7699643432021043,win
Dan Ige,Movsar Evloev,loss,0.8563510147096755,loss
Alexander Volkov,Jairzinho Rozenstruik,loss,0.5429124126943207,win
Kyung Ho Kang,Batgerel Danaa,win,0.8028637536112087,win
Brendan Allen,Jacob Malkoun,win,0.5241196158465796,win
SeungWoo Choi,Josh Culibao,loss,0.713138660092728,loss
Andre Fialho,Jake Matthews,loss,0.5823789587686377,loss
Glover Teixeira,Jiri Prochazka,loss,0.7764100999110306,loss
Roman Dolidze,Kyle Daukaus,win,0.7223926310377723,win
Phil Hawes,Deron Winn,win,0.7749856392404761,win
Eddie Wineland,Cody Stamann,loss,0.7221999432993689,loss
Ricardo Ramos,Danny Chavez,win,0.6795948655772344,win
Court McGee,Jeremiah Wells,win,0.5253637918661085,loss
Adrian Yanez,Tony Kelley,win,0.5436229412094232,win
Julian Marquez,Gregory Rodrigues,win,0.7090085407308645,loss
Tim Means,Kevin Holland,win,0.6433919858994418,loss
Calvin Kattar,Josh Emmett,win,0.763892527487379,loss
Brian Kelleher,Mario Bautista,loss,0.7426118807954989,loss
JP Buys,Cody Durden,loss,0.71988255794289,loss
Raulian Paiva,Sergey Morozov,loss,0.6293891827564047,loss
Shayilan Nuerdanbieke,TJ Brown,loss,0.5911093279274475,win
Carlos Ulberg,Tafon Nchukwi,loss,0.5037731287090542,win
Chris Curtis,Rodolfo Vieira,win,0.5269647845568709,win
Nate Maness,Umar Nurmagomedov,win,0.580996941591618,loss
Thiago Moises,Christos Giagos,win,0.5321210581596103,win
Josh Parisian,Alan Baudot,loss,0.6453809120766687,win
Neil Magny,Shavkat Rakhmonov,loss,0.7483808534196108,loss
Arman Tsarukyan,Mateusz Gamrot,win,0.8025386423750744,loss
Uriah Hall,Andre Muniz,win,0.688850794476523,loss
Brad Tavares,Dricus Du Plessis,loss,0.6957777534405102,loss
Ian Garry,Gabe Green,win,0.5871254551345628,win
Jim Miller,Donald Cerrone,win,0.6395814679775893,win
Brad Riddell,Jalin Turner,loss,0.6105669539676041,loss
Pedro Munhoz,Sean O'Malley,loss,0.7609596256489588,draw
Robbie Lawler,Bryan Barberena,loss,0.663876886643172,loss
Sean Strickland,Alex Pereira,win,0.6599859561022787,loss
Alexander Volkanovski,Max Holloway,win,0.8043626666825278,win
Israel Adesanya,Jared Cannonier,win,0.8425833544735976,win
Kennedy Nzechukwu,Karl Roberson,loss,0.654669968892142,win
Michael Johnson,Jamie Mullarkey,loss,0.565014190956072,loss
Jared Vanderaa,Chase Sherman,win,0.5735789501159196,loss
Douglas Silva de Andrade,Said Nurmagomedov,loss,0.6727185818661452,loss
Rafael Dos Anjos,Rafael Fiziev,win,0.6839328194539634,loss
Dwight Grant,Dustin Stoltzfus,loss,0.5470988112958347,loss
Dustin Jacoby,Da Woon Jung,win,0.6196235865143546,win
Bill Algeo,Herbert Burns,win,0.8503868544132985,win
Ricky Simon,Jack Shore,win,0.689148527088842,win
Punahele Soriano,Dalcha Lungiambula,win,0.6288341991909413,win
Shane Burgos,Charles Jourdain,win,0.5826856225122341,win
Matt Schnell,Sumudaerji,loss,0.5798757624812716,win
Li Jingliang,Muslim Salikhov,loss,0.7140982016071016,win
Brian Ortega,Yair Rodriguez,win,0.6521679211365544,loss
Claudio Silva,Nicolas Dalby,win,0.5556769702786457,loss
Jai Herbert,Kyle Nelson,win,0.549437025462567,win
Makwan Amirkhani,Jonathan Pearce,loss,0.5642111481865419,loss
Nathaniel Wood,Charles Rosa,win,0.8787143015803228,win
Marc Diakiese,Damir Hadzovic,win,0.5969714171799412,win
Mason Jones,Ludovit Klein,loss,0.5295586213245632,loss
Paul Craig,Volkan Oezdemir,loss,0.5403683213323546,loss
Nikita Krylov,Alexander Gustafsson,win,0.7285608371679225,win
Paddy Pimblett,Jordan Leavitt,loss,0.6786261434574435,win
Jack Hermansson,Chris Curtis,win,0.5470311123156499,win
Curtis Blaydes,Tom Aspinall,win,0.6629780657856292,win
Drakkar Klose,Rafa Garcia,win,0.508214957788244,win
Drew Dober,Rafael Alves,win,0.6051460028609253,win
Alex Morono,Matthew Semelsberger,win,0.6757999653546135,win
Magomed Ankalaev,Anthony Smith,win,0.6910217527136056,win
Alexandre Pantoja,Alex Perez,loss,0.5077265004587896,win
Derrick Lewis,Sergei Pavlovich,loss,0.604861302073864,loss
Brandon Moreno,Kai Kara-France,win,0.7491393722023244,win
Bryan Battle,Takashi Sato,win,0.9400767326461176,win
Sam Alvey,Michal Oleksiejczuk,win,0.5107513728023505,loss
Augusto Sakai,Serghei Spivac,win,0.5017658333945602,loss
Vicente Luque,Geoff Neal,win,0.7165695257290124,loss
Thiago Santos,Jamahal Hill,win,0.6869819959339177,loss
Ode Osbourne,Tyson Nam,win,0.5741388298692522,loss
Gabriel Benitez,Charlie Ontiveros,win,0.6735013867398318,win
Bruno Silva,Gerald Meerschaert,win,0.5539410889133176,loss
Nate Landwehr,David Onama,win,0.5638410205667864,win
Marlon Vera,Dominick Cruz,win,0.582237951963714,win
Amir Albazi,Francisco Figueiredo,win,0.8523433322463336,win
Sean Woodson,Luis Saldana,loss,0.5162054141715138,draw
Leonardo Santos,Jared Gordon,win,0.5426022858567443,loss
Marcin Tybura,Alexandr Romanov,loss,0.6000703350117174,win
Tyson Pedro,Harry Hunsucker,win,0.874918042854109,win
Jose Aldo,Merab Dvalishvili,loss,0.8119684032177259,loss
Paulo Costa,Luke Rockhold,loss,0.5514692733212043,win
Kamaru Usman,Leon Edwards,win,0.7106227066848845,loss
John Makdessi,Nasrat Haqparast,win,0.7311141099311412,loss
Charles Jourdain,Nathaniel Wood,loss,0.7031141626260611,loss
Alessio Di Chirico,Roman Kopylov,win,0.5868338758871137,loss
Nassourdine Imavov,Joaquin Buckley,win,0.5209152324786167,win
Robert Whittaker,Marvin Vettori,loss,0.5043557155983831,win
Ciryl Gane,Tai Tuivasa,win,0.9207413067390077,win
Jake Collier,Chris Barnett,win,0.8994779388440541,loss
Hakeem Dawodu,Julian Erosa,win,0.5608107047570186,loss
Johnny Walker,Ion Cutelaba,win,0.6840034536959069,win
Li Jingliang,Daniel Rodriguez,loss,0.5919866661431727,loss
Khamzat Chimaev,Kevin Holland,win,0.8376262654015254,win
Nate Diaz,Tony Ferguson,win,0.5603702712340853,win
Damon Jackson,Pat Sabatini,loss,0.5770201612192881,win
Anthony Hernandez,Marc-Andre Barriault,win,0.7730214292072473,win
Tanner Boser,Rodrigo Nascimento,win,0.7416233016886197,loss
Andre Fili,Bill Algeo,loss,0.5405452830463,win
Chidi Njokuani,Gregory Rodrigues,loss,0.7451969271136426,loss
Cory Sandhagen,Song Yadong,loss,0.5865402179288466,win
Guido Cannetti,Randy Costa,win,0.6026433496836383,win
Krzysztof Jotko,Brendan Allen,loss,0.6295746959069531,loss
Joaquim Silva,Jesse Ronson,win,0.5781237146312361,win
Ilir Latifi,Aleksei Oleinik,win,0.5844205755014251,win
Mike Davis,Viacheslav Borshchev,win,0.6887161154741268,win
Raoni Barcelos,Trevin Jones,win,0.7827928605872542,win
Randy Brown,Francisco Trinaldo,win,0.8078084428757301,win
Nick Maximov,Jacob Malkoun,win,0.5588064609165129,loss
Mana Martinez,Brandon Davis,loss,0.6818626572940687,win
Misha Cirkunov,Alonzo Menifield,loss,0.6030197802291711,loss
Jordan Wright,Dusko Todorovic,win,0.5082848939243377,loss
Cub Swanson,Jonathan Martinez,loss,0.6717230265142748,loss
Muhammad Mokaev,Malcolm Gordon,win,0.7715624608052246,win
Volkan Oezdemir,Nikita Krylov,loss,0.5754037165527832,loss
Makhmud Muradov,Caio Borralho,win,0.5206735962552489,loss
Belal Muhammad,Sean Brady,win,0.6229849962811119,win
Beneil Dariush,Mateusz Gamrot,win,0.7760127261556513,win
Petr Yan,Sean O'Malley,loss,0.615741941227084,loss
Aljamain Sterling,TJ Dillashaw,win,0.611961012890202,win
Charles Oliveira,Islam Makhachev,loss,0.8130899217951025,loss
Chase Hooper,Steve Garcia,win,0.5482570167472731,loss
Joseph Holmes,JunYong Park,win,0.5427681013202207,loss
Andrei Arlovski,Marcos Rogerio de Lima,loss,0.6706552580528647,loss
Phil Hawes,Roman Dolidze,win,0.698192270659248,loss
Dustin Jacoby,Khalil Rountree Jr.,win,0.8074906782389529,loss
Tim Means,Max Griffin,win,0.5538145903459853,loss
Calvin Kattar,Arnold Allen,win,0.5511891178668558,loss
Mario Bautista,Benito Lopez,win,0.6947616529009307,win
Grant Dawson,Mark Madsen,win,0.758521037008304,win
Tagir Ulanbekov,Nate Maness,win,0.7188245259254518,win
Darrick Minner,Shayilan Nuerdanbieke,loss,0.5946991681057239,loss
Neil Magny,Daniel Rodriguez,loss,0.578362759413975,win
Carlos Ulberg,Nicolae Negumereanu,win,0.6924508157181457,win
Julio Arce,Montel Jackson,loss,0.5473520320335973,loss
Michael Trizano,SeungWoo Choi,win,0.6027288830714818,win
Matt Frevola,Ottman Azaitar,win,0.6071188455825233,win
Andre Petroski,Wellington Turman,loss,0.5144023007171835,win
Dominick Reyes,Ryan Spann,win,0.7104403338337204,loss
Brad Riddell,Renato Moicano,win,0.5820521372537137,loss
Dan Hooker,Claudio Puelles,win,0.6111399840703334,win
Frankie Edgar,Chris Gutierrez,loss,0.5181957182528775,loss
Dustin Poirier,Michael Chandler,win,0.6937762217453433,win
Israel Adesanya,Alex Pereira,loss,0.775379316280617,loss
Ricky Turcios,Kevin Natividad,win,0.5320173055838902,win
Vince Morales,Miles Johns,loss,0.620617422309839,loss
Jack Della Maddalena,Danny Roberts,win,0.7396159765328878,win
Andre Fialho,Muslim Salikhov,win,0.5225650328324648,loss
Kennedy Nzechukwu,Ion Cutelaba,win,0.5518657799399808,win
Darren Elkins,Jonathan Pearce,loss,0.8305676569625707,loss
Michael Johnson,Marc Diakiese,loss,0.7190101685364721,win
Clay Guida,Scott Holtzman,loss,0.8281063947999241,win
Niko Price,Phil Rowe,win,0.5949980536818189,loss
Eryk Anders,Kyle Daukaus,win,0.506219955973785,win
Jack Hermansson,Roman Dolidze,win,0.8019693556481641,loss
Tai Tuivasa,Sergei Pavlovich,loss,0.5813245488930867,loss
Matheus Nicolau,Matt Schnell,win,0.5011114244899287,win
Bryan Barberena,Rafael Dos Anjos,loss,0.5198167190655129,loss
Stephen Thompson,Kevin Holland,loss,0.5069716824668613,win
Billy Quarantillo,Alexander Hernandez,win,0.500245160841994,win
Chris Curtis,Joaquin Buckley,loss,0.5720662482792942,win
Edmen Shahbazyan,Dalcha Lungiambula,win,0.8202977039891186,win
Jairzinho Rozenstruik,Chris Daukaus,win,0.6169749333214631,win
Bryce Mitchell,Ilia Topuria,win,0.8407046648645937,loss
Darren Till,Dricus Du Plessis,loss,0.7045860742748066,loss
Santiago Ponzinibbio,Alex Morono,win,0.6155208647513133,win
Paddy Pimblett,Jared Gordon,loss,0.6000855651343103,win
Jan Blachowicz,Magomed Ankalaev,loss,0.6434448727685715,draw
Sergey Morozov,Journey Newson,win,0.7359348056640581,win
David Dvorak,Manel Kape,loss,0.5965193876165031,loss
Said Nurmagomedov,Saidyokub Kakhramonov,loss,0.6997735470970604,win
Jake Matthews,Matthew Semelsberger,win,0.7270443550653285,loss
Cody Brundage,Michal Oleksiejczuk,win,0.623038782326358,loss
Drew Dober,Bobby Green,loss,0.5693834867167421,win
Alex Caceres,Julian Erosa,win,0.5056179052708266,win
Arman Tsarukyan,Damir Ismagulov,loss,0.5355193008627245,win
Jared Cannonier,Sean Strickland,loss,0.6436479873444569,win
Umar Nurmagomedov,Raoni Barcelos,win,0.7319560692457651,win
Punahele Soriano,Roman Kopylov,win,0.5751101751658776,loss
Dan Ige,Damon Jackson,win,0.8236576004971508,win
Sean Strickland,Nassourdine Imavov,loss,0.6196428376215664,win
Warlley Alves,Nicolas Dalby,win,0.6861164358268707,loss
Shamil Abdurakhimov,Jailton Almeida,loss,0.8075981302804921,loss
Paul Craig,Johnny Walker,loss,0.6001864753659513,loss
Gilbert Burns,Neil Magny,win,0.7597754254964844,win
Deiveson Figueiredo,Brandon Moreno,win,0.5023121080009819,loss
Glover Teixeira,Jamahal Hill,win,0.7021332003334386,loss
JunYong Park,Denis Tiuliulin,win,0.8226325283895897,win
Dooho Choi,Kyle Nelson,loss,0.6900925402903855,draw
Marcin Tybura,Blagoy Ivanov,win,0.5214607874596241,win
Da Woon Jung,Devin Clark,win,0.6428610932415724,loss
Derrick Lewis,Serghei Spivac,loss,0.7347912579257845,loss
Josh Culibao,Melsik Baghdasaryan,loss,0.6382846269554937,win
Tyson Pedro,Modestas Bukauskas,win,0.7024292126853775,loss
Jimmy Crute,Alonzo Menifield,win,0.6976905276385031,draw
Justin Tafa,Parker Porter,win,0.6093806023447964,win
Jack Della Maddalena,Randy Brown,win,0.5675295938494024,win
Yair Rodriguez,Josh Emmett,win,0.6780398187232521,win
Islam Makhachev,Alexander Volkanovski,win,0.6429113168798971,win
Ovince Saint Preux,Philipe Lins,loss,0.538645477048018,loss
Jim Miller,Alexander Hernandez,loss,0.5057333794166461,loss
William Knight,Marcin Prachnio,loss,0.6211686099182862,loss
Ode Osbourne,Charles Johnson,loss,0.6347898988074354,win
Augusto Sakai,Don'Tale Mayes,loss,0.5366283486261669,win
Andre Muniz,Brendan Allen,win,0.7773573995814884,loss
Ian Garry,Song Kenan,win,0.6816193188815031,win
Julian Marquez,Marc-Andre Barriault,loss,0.5863038883352308,loss
Derek Brunson,Dricus Du Plessis,loss,0.6648780567204348,loss
Cody Garbrandt,Trevin Jones,win,0.8401047028886078,win
Mateusz Gamrot,Jalin Turner,win,0.5057576385082375,win
Geoff Neal,Shavkat Rakhmonov,loss,0.6255011008929293,loss
Jon Jones,Ciryl Gane,win,0.8406172607825528,win
Carlston Harris,Jared Gooden,loss,0.6185765283783726,win
Tyson Nam,Bruno Silva,win,0.5478536617290451,loss
Victor Henry,Tony Gravely,loss,0.612458536418311,win
Raphael Assuncao,Davey Grant,win,0.6448466347936982,loss
Mario Bautista,Guido Cannetti,win,0.8832505211309618,win
Said Nurmagomedov,Jonathan Martinez,loss,0.5965114824237324,loss
Nikita Krylov,Ryan Spann,win,0.7144282325942717,win
Alexander Volkov,Alexandr Romanov,win,0.5824586340081037,win
Petr Yan,Merab Dvalishvili,loss,0.7460200226570679,loss
Jai Herbert,Ludovit Klein,loss,0.619376398140157,draw
Jake Hadley,Malcolm Gordon,win,0.5815902459857656,win
Jack Shore,Makwan Amirkhani,win,0.8686347961413907,win
Marvin Vettori,Roman Dolidze,win,0.7237434753468238,win
Gunnar Nelson,Bryan Barberena,win,0.6305140972564219,win
Justin Gaethje,Rafael Fiziev,win,0.7369165402572325,win
Leon Edwards,Kamaru Usman,win,0.642845517931041,win
CJ Vergara,Daniel Lacerda,win,0.6083114270576327,win
Trevin Giles,Preston Parsons,win,0.5684984173239129,win
Daniel Pineda,Tucker Lutz,win,0.6225093767113146,win
Chidi Njokuani,Albert Duraev,loss,0.5954404450148583,loss
Nate Landwehr,Austin Lingo,win,0.6064594119328764,win
Marlon Vera,Cory Sandhagen,loss,0.5102886895683799,loss
Shayilan Nuerdanbieke,Steve Garcia,win,0.567808462783435,loss
Ignacio Bahamondes,Trey Ogden,win,0.5244098796354112,win
Chris Curtis,Kelvin Gastelum,win,0.6222995616572281,loss
Kevin Holland,Santiago Ponzinibbio,win,0.5437384201317059,win
Rob Font,Adrian Yanez,win,0.522890758982348,win
Gilbert Burns,Jorge Masvidal,win,0.7249143776376492,win
Alex Pereira,Israel Adesanya,win,0.5328667699122497,loss
Zak Cummings,Ed Herman,win,0.7125301425726894,win
Brandon Royval,Matheus Nicolau,loss,0.5427999844582058,win
Bill Algeo,TJ Brown,loss,0.5376546499092216,win
Clay Guida,Rafa Garcia,loss,0.6992608159681877,loss
Pedro Munhoz,Chris Gutierrez,loss,0.6189885843912443,win
Tanner Boser,Ion Cutelaba,win,0.775679648638236,loss
Dustin Jacoby,Azamat Murzakanov,win,0.5551499854109831,loss
Edson Barboza,Billy Quarantillo,loss,0.7177109420566704,win
Max Holloway,Arnold Allen,win,0.729734566418997,win
Brady Hiestand,Batgerel Danaa,win,0.5473975847216355,win
Rani Yahya,Montel Jackson,win,0.6289812624686407,loss
Ricky Glenn,Christos Giagos,win,0.6516504914119903,loss
Jeremiah Wells,Matthew Semelsberger,loss,0.5509284076831035,win
Bobby Green,Jared Gordon,win,0.5359210143345979,draw
Brad Tavares,Bruno Silva,win,0.5936305457704786,loss
Sergei Pavlovich,Curtis Blaydes,win,0.5686538320530533,win
Cody Durden,Charles Johnson,win,0.8294150679387653,win
Martin Buday,Jake Collier,win,0.5430699741406625,win
Marcos Rogerio de Lima,Waldo Cortes-Acosta,win,0.7001930629680369,win
Rodolfo Vieira,Cody Brundage,win,0.5216647185685271,win
Caio Borralho,Michal Oleksiejczuk,win,0.8070282240417296,win
Song Yadong,Ricky Simon,loss,0.7137992438381827,win
Kennedy Nzechukwu,Devin Clark,win,0.8120198812166121,win
Drew Dober,Matt Frevola,loss,0.5800761349609305,loss
Kron Gracie,Charles Jourdain,loss,0.6550604864260564,loss
Belal Muhammad,Gilbert Burns,win,0.738944902259455,win
Aljamain Sterling,Henry Cejudo,win,0.6826787541998421,win
Bryan Battle,Gabe Green,win,0.6055235701828763,win
Cody Stamann,Douglas Silva de Andrade,loss,0.537650245561563,loss
Matt Brown,Court McGee,loss,0.7550275854146574,win
Tim Means,Alex Morono,loss,0.5083795123707028,loss
Carlos Ulberg,Ihor Potieria,win,0.897378201979803,win
Daniel Rodriguez,Ian Garry,loss,0.5093264202453482,loss
Anthony Smith,Johnny Walker,win,0.6412566535550052,loss
Jairzinho Rozenstruik,Jailton Almeida,loss,0.6708103795806818,loss
Ilir Latifi,Rodrigo Nascimento,loss,0.6068766163631035,loss
Maheshate,Viacheslav Borshchev,loss,0.8047142436859512,loss
Diego Ferreira,Michael Johnson,win,0.7325246519480942,win
Andre Fialho,Joaquin Buckley,loss,0.7648818235042869,loss
Edmen Shahbazyan,Anthony Hernandez,loss,0.5019973655448275,loss
Philipe Lins,Maxim Grishin,win,0.6539899423144633,win
Andrei Arlovski,Don'Tale Mayes,win,0.5912176675742755,loss
Daniel Santos,Johnny Munoz,loss,0.6711929036417228,win
Abubakar Nurmagomedov,Elizeu Zaleski dos Santos,loss,0.5312255439958835,loss
Tim Elliott,Victor Altamirano,win,0.5039993656840407,win
Alex Caceres,Daniel Pineda,win,0.63982065134385,win
Kai Kara-France,Amir Albazi,loss,0.7129731319588473,loss
Aiemann Zahabi,Aoriqileng,win,0.6821844165561581,win
Nassourdine Imavov,Chris Curtis,win,0.6975699976446872,draw
Marc-Andre Barriault,Eryk Anders,win,0.6782394459717905,win
Dan Ige,Nate Landwehr,loss,0.5570765548372407,win
Mike Malott,Adam Fugitt,win,0.7650165698237986,win
Charles Oliveira,Beneil Dariush,loss,0.7921615562951448,win
Zac Pauga,Modestas Bukauskas,win,0.555689689122031,loss
Dan Argueta,Ronnie Lawrence,win,0.8841264599281683,draw
Nicolas Dalby,Muslim Salikhov,loss,0.5148931979325128,win
Arman Tsarukyan,Joaquim Silva,win,0.7721375412244671,win
Marvin Vettori,Jared Cannonier,win,0.8235751898966427,loss
Randy Brown,Wellington Turman,win,0.7857978343648472,win
Neil Magny,Phil Rowe,win,0.5343880270570621,win
Brendan Allen,Bruno Silva,win,0.6834672265272141,win
Josh Emmett,Ilia Topuria,loss,0.6558049272254994,loss
Alexandr Romanov,Blagoy Ivanov,win,0.8429510506206787,win
Kevin Lee,Rinat Fakhretdinov,loss,0.7303883845262827,loss
Max Griffin,Michael Morales,win,0.628971011341552,loss
Damir Ismagulov,Grant Dawson,win,0.595990575176138,loss
Jimmy Crute,Alonzo Menifield,win,0.6223068475006519,loss
Robbie Lawler,Niko Price,loss,0.8721985955858857,win
Jalin Turner,Dan Hooker,win,0.6457006353138794,loss
Robert Whittaker,Dricus Du Plessis,loss,0.7275725151191493,loss
Brandon Moreno,Alexandre Pantoja,win,0.6254998086358116,loss
Alexander Volkanovski,Yair Rodriguez,win,0.8104129072380063,win
Evan Elder,Genaro Valdez,win,0.6528745478454671,win
Tucker Lutz,Melsik Baghdasaryan,loss,0.8125889913085534,loss
Albert Duraev,JunYong Park,loss,0.5282553544303703,loss
Makhmud Muradov,Bryan Barberena,win,0.5282980423716361,win
Marc Diakiese,Joel Alvarez,loss,0.6524155384271562,loss
Lerone Murphy,Josh Culibao,loss,0.5634629874335193,win
Jai Herbert,Fares Ziam,loss,0.6866009417623108,loss
Paul Craig,Andre Muniz,loss,0.7061052477638657,win
Nathaniel Wood,Andre Fili,win,0.8394335199060529,win
Tom Aspinall,Marcin Tybura,win,0.8207971771208278,win
Matthew Semelsberger,Uros Medic,loss,0.5468882826424941,loss
Roman Kopylov,Claudio Ribeiro,win,0.7832087229614401,win
Michael Chiesa,Kevin Holland,win,0.5604750848118273,loss
Tony Ferguson,Bobby Green,loss,0.6467558510061505,loss
Derrick Lewis,Marcos Rogerio de Lima,loss,0.596885220767066,win
Jan Blachowicz,Alex Pereira,loss,0.626680840873159,loss
Dustin Poirier,Justin Gaethje,win,0.5296736172870491,loss
Cody Durden,Jake Hadley,win,0.6988310549812916,win
Billy Quarantillo,Damon Jackson,win,0.7552980069824828,win
Jeremiah Wells,Carlston Harris,win,0.6069438065494187,loss
Kyler Phillips,Raoni Barcelos,win,0.5470031993774055,win
Ignacio Bahamondes,Ludovit Klein,win,0.8651589389974198,loss
Tanner Boser,Aleksa Camur,win,0.5944561938236673,win
Dustin Jacoby,Kennedy Nzechukwu,win,0.671833696044653,win
Cory Sandhagen,Rob Font,win,0.6291986161559281,win
Josh Parisian,Martin Buday,win,0.5997921290370171,loss
Terrance McKinney,Mike Breeden,win,0.7597721298437992,win
Josh Fremd,Jamie Pickett,win,0.7780920829336908,win
AJ Dobson,Tafon Nchukwi,win,0.5681141986593089,win
Khalil Rountree Jr.,Chris Daukaus,win,0.5365636470832043,win
Cub Swanson,Hakeem Dawodu,win,0.6083652273165475,win
Vicente Luque,Rafael Dos Anjos,loss,0.5675882566730925,win
Andre Petroski,Gerald Meerschaert,win,0.7479790349092218,win
Brad Katona,Cody Gibson,win,0.7943555858555652,win
Kurt Holobaugh,Austin Hubbard,loss,0.5463360871877161,win
Gregory Rodrigues,Denis Tiuliulin,win,0.8270200338607309,win
Chris Weidman,Brad Tavares,win,0.6677818455304637,loss
Marlon Vera,Pedro Munhoz,win,0.5748891625546865,win
Da'Mon Blackshear,Mario Bautista,loss,0.527116906044302,loss
Neil Magny,Ian Garry,loss,0.5892294102430427,loss
Aljamain Sterling,Sean O'Malley,win,0.6112364168271841,loss
Chidi Njokuani,Michal Oleksiejczuk,loss,0.669610608156404,loss
Waldo Cortes-Acosta,Lukasz Brzeski,win,0.6500349247293514,win
Giga Chikadze,Alex Caceres,win,0.5797669423028584,win
Anthony Smith,Ryan Spann,win,0.7402577379023321,win
Max Holloway,Chan Sung Jung,win,0.8620840582272358,win
Ange Loosa,Rhys McKee,win,0.8885534876761636,win
Benoit Saint Denis,Thiago Moises,win,0.5159143842079255,win
Ciryl Gane,Serghei Spivac,loss,0.5401226439140642,win
Jamie Mullarkey,John Makdessi,win,0.8844794773363981,win
Carlos Ulberg,Da Woon Jung,win,0.860982918357354,win
Tyson Pedro,Anton Turkalj,win,0.7354569421930718,win
Tai Tuivasa,Alexander Volkov,loss,0.5740970525391988,loss
Israel Adesanya,Sean Strickland,loss,0.6535419752272665,loss
Roman Kopylov,Josh Fremd,win,0.590349168685409,win
Daniel Zellhuber,Christos Giagos,win,0.6088138517778557,win
Kevin Holland,Jack Della Maddalena,loss,0.7626828926110597,loss
Mohammed Usman,Jake Collier,win,0.5526991196311218,win
Jacob Malkoun,Cody Brundage,win,0.8048359508525381,loss
Tim Means,Andre Fialho,win,0.7992766621555047,win
Dan Argueta,Miles Johns,win,0.6779374939469882,draw
Ricardo Ramos,Charles Jourdain,loss,0.5025491839132316,loss
Bryan Battle,AJ Fletcher,win,0.6357941040032621,win
Bryce Mitchell,Dan Ige,win,0.7750971303645938,win
Rafael Fiziev,Mateusz Gamrot,win,0.6198940906596638,loss
Aoriqileng,Johnny Munoz,loss,0.5306242764111804,win
Alexander Hernandez,Bill Algeo,loss,0.5439442988345237,loss
Drew Dober,Ricky Glenn,win,0.681932221648423,win
Alex Morono,Joaquin Buckley,win,0.5193915004692127,loss
Joe Pyfer,Abdul Razak Alhassan,win,0.7232903464353067,win
Grant Dawson,Bobby Green,win,0.8025834283413855,loss
Chris Gutierrez,Alatengheili,win,0.5943008176516216,win
Darren Elkins,TJ Brown,win,0.5082327506836848,win
Christian Rodriguez,Cameron Saaiman,loss,0.6120003962975253,win
Andre Petroski,Michel Pereira,win,0.6631209924115179,loss
Jonathan Martinez,Adrian Yanez,win,0.5163854951720681,win
Sodiq Yusuff,Edson Barboza,win,0.7501530927024133,loss
Abu Azaitar,Sedriques Dumas,loss,0.7245678411606493,loss
Javid Basharat,Victor Henry,win,0.872068438592889,draw
Tim Elliott,Muhammad Mokaev,loss,0.568801527434216,loss
Magomed Ankalaev,Johnny Walker,win,0.789304023844887,draw
Kamaru Usman,Khamzat Chimaev,win,0.8430290843272031,loss
Islam Makhachev,Alexander Volkanovski,win,0.7727030366584144,win
Vitor Petrino,Modestas Bukauskas,loss,0.592453346743004,win
Rinat Fakhretdinov,Elizeu Zaleski dos Santos,win,0.8376213318980547,draw
Caio Borralho,Abus Magomedov,win,0.9066092868096194,win
Rodrigo Nascimento,Don'Tale Mayes,win,0.8616622635329546,win
Gabriel Bonfim,Nicolas Dalby,win,0.9036379867804804,loss
Jailton Almeida,Derrick Lewis,win,0.9220226493013238,win
John Castaneda,Kyung Ho Kang,loss,0.5680810267032029,win
Jared Gordon,Mark Madsen,win,0.7993479505501391,win
Nazim Sadykhov,Viacheslav Borshchev,win,0.7287928045376829,draw
Mateusz Rebecki,Roosevelt Roberts,win,0.8598274772771801,win
Diego Lopes,Pat Sabatini,loss,0.7429271577014854,win
Matt Frevola,Benoit Saint Denis,loss,0.883701830095739,loss
Sergei Pavlovich,Tom Aspinall,win,0.6379908298266139,loss
Jiri Prochazka,Alex Pereira,loss,0.601949382925091,loss
Trey Ogden,Nikolas Motta,win,0.5918153248503797,draw
Christian Leroy Duncan,Denis Tiuliulin,win,0.7004901096425354,win
Jonathan Pearce,Joanderson Brito,win,0.6312497134719827,loss
Chase Hooper,Jordan Leavitt,win,0.6337478357732681,win
Michael Morales,Jake Matthews,win,0.6956542652857702,win
Brendan Allen,Paul Craig,win,0.8694346919725411,win
Wellington Turman,Jared Gooden,win,0.5088968839992466,loss
Drakkar Klose,Joe Solecki,loss,0.5286284038495266,win
Punahele Soriano,Dustin Stoltzfus,loss,0.5607445197637759,loss
Clay Guida,Joaquim Silva,loss,0.6006852428188303,loss
Sean Brady,Kelvin Gastelum,win,0.8514281440562955,win
Rob Font,Deiveson Figueiredo,win,0.7465849907129674,loss
Jalin Turner,Bobby Green,loss,0.652787120010286,win
Beneil Dariush,Arman Tsarukyan,win,0.6059275467843345,loss
Tatsuro Taira,Carlos Hernandez,win,0.9213973955072048,win
Steve Garcia,Melquizael Costa,win,0.5763661441437239,win
JunYong Park,Andre Muniz,win,0.6893066608562315,loss
Tim Elliott,Sumudaerji,loss,0.6068490694489461,win
Nasrat Haqparast,Jamie Mullarkey,loss,0.7603193510152728,win
Anthony Smith,Khalil Rountree Jr.,win,0.5711314134279049,loss
Song Yadong,Chris Gutierrez,loss,0.5989365924903293,win
Andre Fili,Lucas Almeida,win,0.7980151853609695,win
Tagir Ulanbekov,Cody Durden,win,0.5709983276944791,win
Cody Garbrandt,Brian Kelleher,win,0.5884976971094186,win
Alonzo Menifield,Dustin Jacoby,loss,0.5739515993813945,win
Josh Emmett,Bryce Mitchell,loss,0.7365121809733163,win
Tony Ferguson,Paddy Pimblett,loss,0.6106150599344857,loss
Shavkat Rakhmonov,Stephen Thompson,win,0.9369442100327575,win
Alexandre Pantoja,Brandon Royval,win,0.664575547127235,win
Leon Edwards,Colby Covington,win,0.5332996140026653,win
